<?xml version = "1.0" encoding = "utf-8"?>
<!DOCTYPE hibernate-configuration SYSTEM
        "http://www.hibernate.org/dtd/hibernate-configuration-3.0.dtd">
<hibernate-configuration>
    <session-factory>

        <property name = "hibernate.dialect">
            org.hibernate.dialect.MySQLDialect
        </property>

        <property name = "hibernate.connection.driver_class">com.mysql.jdbc.Driver</property>
        <property name = "hibernate.connection.url">jdbc:mysql://localhost:3307/betting</property>
        <property name = "hibernate.connection.username">root</property>
        <property name = "hibernate.connection.password">dreadw4r</property>
        <property name="hbm2dl.auto">create</property>

        <mapping class="com.betting.MyBet.Model.Player"/>
        <mapping class="com.betting.MyBet.Model.Ticket"/>
        <mapping class="com.betting.MyBet.Model.SoccerGame"/>

    </session-factory>
</hibernate-configuration>